<?xml version="1.0" encoding="UTF-8"?>
<beans:beans xmlns="http://www.springframework.org/schema/security"
	xmlns:beans="http://www.springframework.org/schema/beans" 
	xmlns:xsi="http://www.w3.org/2001/XMLSchema-instance"
	xsi:schemaLocation="http://www.springframework.org/schema/beans
	http://www.springframework.org/schema/beans/spring-beans-3.0.xsd
	http://www.springframework.org/schema/security
	http://www.springframework.org/schema/security/spring-security-3.2.xsd">
	
	
	<http auto-config="true" use-expressions="true">
	
		<intercept-url pattern="/admin**" access="hasRole('ROLE_ADMIN')" />
		<intercept-url pattern="/userRole**" access="hasRole('ROLE_ADMIN')" />
		<intercept-url pattern="/planeTickets.html" access="hasRole('ROLE_ADMIN')" />
		<intercept-url pattern="/trainTickets.html" access="hasRole('ROLE_ADMIN')" />
		<intercept-url pattern="/planeTicketsList.html**" access="hasRole('ROLE_ADMIN')" />
		<intercept-url pattern="/trainTicketsList.html**" access="hasRole('ROLE_ADMIN')" />
		<intercept-url pattern="/planeOrdersList**" access="hasRole('ROLE_ADMIN')" />
		<intercept-url pattern="/trainOrdersList**" access="hasRole('ROLE_ADMIN')" />		
	 	<intercept-url pattern="/user**" access="hasAnyRole('ROLE_ANONYMOUS','ROLE_ADMIN')"/>
		<intercept-url pattern="/usersList**" access="hasRole('ROLE_ADMIN')" />
		<intercept-url pattern="/myPlaneOrders**" access="hasAnyRole('ROLE_USER','ROLE_ADMIN')" />
		<intercept-url pattern="/myTrainOrders**" access="hasAnyRole('ROLE_USER','ROLE_ADMIN')" />
		
		<intercept-url pattern="/deletePlaneTicket/**" access="hasRole('ROLE_ADMIN')" />
		<intercept-url pattern="/deleteTrainTicket/**" access="hasRole('ROLE_ADMIN')" />
		<intercept-url pattern="/deletePlaneOrder/**" access="hasRole('ROLE_ADMIN')" />
		<intercept-url pattern="/deleteTrainOrder/**" access="hasRole('ROLE_ADMIN')" />
		<intercept-url pattern="/deleteUser/**" access="hasRole('ROLE_ADMIN')" />
		
		
		<form-login 
		    login-page="/404.html" 
		    default-target-url="/home.html"
		    always-use-default-target="true" 
		    authentication-failure-url="/login.html?error" 
			username-parameter="login"
			password-parameter="password" />
		<logout logout-success-url="/home.html" />
		<!-- enable csrf protection -->
		<csrf/>
		
	</http>
 
	<authentication-manager>
	  <authentication-provider user-service-ref="myUserDetailsService">
	  		<password-encoder hash="bcrypt"/>  
	  </authentication-provider>
	</authentication-manager>
</beans:beans>